{
    "openapi": "3.0.0",
    "info": {
        "title": "L5 OpenApi",
        "description": "L5 Swagger OpenApi description",
        "contact": {
            "email": "darius@matulionis.lt"
        },
        "license": {
            "name": "Apache 2.0",
            "url": "http://www.apache.org/licenses/LICENSE-2.0.html"
        },
        "version": "1.0.0"
    },
    "servers": [
        {
            "url": "http://my-default-host.com",
            "description": "L5 Swagger OpenApi dynamic host server"
        },
        {
            "url": "http://instituto.test/api/records",
            "description": "L5 Swagger OpenApi Server"
        }
    ],
    "paths": {
        "/users": {
            "get": {
                "tags": [
                    "Users"
                ],
                "summary": "Get list of users",
                "description": "Returns list of users",
                "operationId": "getUsersList",
                "responses": {
                    "200": {
                        "description": "successful operation"
                    },
                    "400": {
                        "description": "Bad request"
                    }
                },
                "security": [
                    {
                        "api_key_security_example": []
                    }
                ]
            }
        },
        "/users/{id}": {
            "get": {
                "tags": [
                    "Users"
                ],
                "summary": "Get user information",
                "description": "Returns user data",
                "operationId": "getUserById",
                "parameters": [
                    {
                        "name": "id",
                        "in": "path",
                        "description": "User id",
                        "required": true,
                        "schema": {
                            "type": "integer"
                        }
                    }
                ],
                "responses": {
                    "200": {
                        "description": "successful operation"
                    },
                    "400": {
                        "description": "Bad request"
                    },
                    "404": {
                        "description": "Resource Not Found"
                    }
                },
                "security": [
                    {
                        "oauth2_security_example": [
                            "write:users",
                            "read:users"
                        ]
                    }
                ]
            }
        }
    },
    "components": {
        "securitySchemes": {
            "Password Based": {
                "type": "oauth2",
                "description": "Use a global client_id / client_secret and your username / password combo to obtain a token",
                "in": "header",
                "flows": {
                    "password": {
                        "authorizationUrl": "/oauth/authorize",
                        "tokenUrl": "/oauth/token",
                        "refreshUrl": "/oauth/token/refresh",
                        "scopes": []
                    }
                },
                "scheme": "https"
            }
        }
    },
    "tags": [
        {
            "name": "project",
            "description": "Everything about your Projects",
            "externalDocs": {
                "description": "Find out more",
                "url": "http://swagger.io"
            }
        },
        {
            "name": "Users",
            "description": "Operations about user",
            "externalDocs": {
                "description": "Find out more about",
                "url": "http://swagger.io"
            }
        }
    ],
    "externalDocs": {
        "description": "Find out more about Swagger",
        "url": "http://swagger.io"
    }
}